INSERT INTO performer (id, name) VALUES (1, 'Василий Пупкин');
INSERT INTO performer (id, name) VALUES (2, 'Группа Крылья');
INSERT INTO performer (id, name) VALUES (3, 'Березка');
INSERT INTO performer (id, name) VALUES (4, 'Выхухоль');
INSERT INTO performer (id, name) VALUES (5, 'Красный богатырь');
INSERT INTO performer (id, name) VALUES (6, 'Сатурн');
INSERT INTO performer (id, name) VALUES (7, 'Василиса Иванова');
INSERT INTO performer (id, name) VALUES (8, 'Джейсон Шнырь');
INSERT INTO albums (id, name, year) VALUES (1, 'Берег', 2018);
INSERT INTO albums (id, name, year) VALUES (2, 'Волны', 2018);
INSERT INTO albums (id, name, year) VALUES (3, 'Морской бриз', 2021);
INSERT INTO albums (id, name, year) VALUES (4, 'Солнечная долина', 2021);
INSERT INTO albums (id, name, year) VALUES (5, 'Горный хребет', 2020);
INSERT INTO albums (id, name, year) VALUES (6, 'Горячий пляж', 2020);
INSERT INTO albums (id, name, year) VALUES (7, 'Полет птицы', 2022);
INSERT INTO albums (id, name, year) VALUES (8, 'Вечерний закат', 2022);
INSERT INTO tracks (id, name, length, id_albums) VALUES (1, 'Бармен', 180, 1);
INSERT INTO tracks (id, name, length, id_albums) VALUES (2, 'Конь', 240, 1);
INSERT INTO tracks (id, name, length, id_albums) VALUES (3, 'Вихрь', 300, 2);
INSERT INTO tracks (id, name, length, id_albums) VALUES (4, 'Стрела', 240, 2);
INSERT INTO tracks (id, name, length, id_albums) VALUES (5, 'Ковбой', 180, 3);
INSERT INTO tracks (id, name, length, id_albums) VALUES (6, 'Крысиный яд', 310, 3);
INSERT INTO tracks (id, name, length, id_albums) VALUES (7, 'Добрая фея', 180, 4);
INSERT INTO tracks (id, name, length, id_albums) VALUES (8, 'Колбаса', 240, 4);
INSERT INTO tracks (id, name, length, id_albums) VALUES (9, 'Банановый рай', 240, 5);
INSERT INTO tracks (id, name, length, id_albums) VALUES (10, 'Ветер', 250, 5);
INSERT INTO tracks (id, name, length, id_albums) VALUES (11, 'Вечерний коктейль', 240, 6);
INSERT INTO tracks (id, name, length, id_albums) VALUES (12, 'Лес', 218, 6);
INSERT INTO tracks (id, name, length, id_albums) VALUES (13, 'Песок', 300, 7);
INSERT INTO tracks (id, name, length, id_albums) VALUES (14, 'Новая кобыла', 186, 7);
INSERT INTO tracks (id, name, length, id_albums) VALUES (15, 'Ужин при свечах', 145, 8);
INSERT INTO tracks (id, name, length, id_albums) VALUES (16, 'Байкал', 278, 8);
INSERT INTO genre (id, name) VALUES (1, 'trance');
INSERT INTO genre (id, name) VALUES (2, 'rock');
INSERT INTO genre (id, name) VALUES (3, 'industrial');
INSERT INTO genre (id, name) VALUES (4, 'deep house');
INSERT INTO genre (id, name) VALUES (5, 'disco');
INSERT INTO collection (id, name, year) VALUES (1, 'Сборник 22', 2022);
INSERT INTO collection (id, name, year) VALUES (2, 'Сборник 21', 2021);
INSERT INTO collection (id, name, year) VALUES (3, 'Сборник 20', 2020);
INSERT INTO collection (id, name, year) VALUES (4, 'Сборник 18', 2018);
INSERT INTO collection (id, name, year) VALUES (5, 'Rock избранное', 2021);
INSERT INTO collection (id, name, year) VALUES (6, 'deep house избранное', 2021);
INSERT INTO collection (id, name, year) VALUES (7, 'Летняя коллекция', 2022);
INSERT INTO collection (id, name, year) VALUES (8, 'Современная музыка', 2022);
INSERT INTO PerformerGenre (id_performer, id_genre) VALUES (1, 1);
INSERT INTO PerformerGenre (id_performer, id_genre) VALUES (2, 2);
INSERT INTO PerformerGenre (id_performer, id_genre) VALUES (3, 2);
INSERT INTO PerformerGenre (id_performer, id_genre) VALUES (3, 3);
INSERT INTO PerformerGenre (id_performer, id_genre) VALUES (4, 3);
INSERT INTO PerformerGenre (id_performer, id_genre) VALUES (5, 4);
INSERT INTO PerformerGenre (id_performer, id_genre) VALUES (6, 5);
INSERT INTO PerformerGenre (id_performer, id_genre) VALUES (6, 5);
INSERT INTO PerformerGenre (id_performer, id_genre) VALUES (7, 4);
INSERT INTO PerformerGenre (id_performer, id_genre) VALUES (8, 1);
INSERT INTO PerformerAlbums (id_performer, id_albums) VALUES (1, 1);
INSERT INTO PerformerAlbums (id_performer, id_albums) VALUES (2, 2);
INSERT INTO PerformerAlbums (id_performer, id_albums) VALUES (3, 3);
INSERT INTO PerformerAlbums (id_performer, id_albums) VALUES (4, 4);
INSERT INTO PerformerAlbums (id_performer, id_albums) VALUES (4, 5);
INSERT INTO PerformerAlbums (id_performer, id_albums) VALUES (5, 6);
INSERT INTO PerformerAlbums (id_performer, id_albums) VALUES (6, 6);
INSERT INTO PerformerAlbums (id_performer, id_albums) VALUES (6, 7);
INSERT INTO PerformerAlbums (id_performer, id_albums) VALUES (7, 7);
INSERT INTO PerformerAlbums (id_performer, id_albums) VALUES (8, 8);
INSERT INTO collectionTracks (id_collection, id_tracks) VALUES (1, 14);
INSERT INTO collectionTracks (id_collection, id_tracks) VALUES (1, 15);
INSERT INTO collectionTracks (id_collection, id_tracks) VALUES (1, 16);
INSERT INTO collectionTracks (id_collection, id_tracks) VALUES (2, 5);
INSERT INTO collectionTracks (id_collection, id_tracks) VALUES (2, 6);
INSERT INTO collectionTracks (id_collection, id_tracks) VALUEs (2, 7);
INSERT INTO collectionTracks (id_collection, id_tracks) VALUES (3, 9);
INSERT INTO collectionTracks (id_collection, id_tracks) VALUES (3, 11);
INSERT INTO collectionTracks (id_collection, id_tracks) VALUES (3, 12);
INSERT INTO collectionTracks (id_collection, id_tracks) VALUES (4, 1);
INSERT INTO collectionTracks (id_collection, id_tracks) VALUES (4, 2);
INSERT INTO collectionTracks (id_collection, id_tracks) VALUES (4, 3);
INSERT INTO collectionTracks (id_collection, id_tracks) VALUES (5, 3);
INSERT INTO collectionTracks (id_collection, id_tracks) VALUES (5, 4);
INSERT INTO collectionTracks (id_collection, id_tracks) VALUES (6, 9);
INSERT INTO collectionTracks (id_collection, id_tracks) VALUES (6, 10);
INSERT INTO collectionTracks (id_collection, id_tracks) VALUES (7, 9);
INSERT INTO collectionTracks (id_collection, id_tracks) VALUES (7, 7);
INSERT INTO collectionTracks (id_collection, id_tracks) VALUES (8, 4);
INSERT INTO collectionTracks (id_collection, id_tracks) VALUES (8, 11);
